Class,17CLC2,
No,ID,Full Name,Email,Mobile Phone
01,1753123,Pham Tuan,1753123@hcmus.edu.vn,000000000000
02,1753127,Cao Dinh Vi,1753127@hcmus.edu.vn,000000000000
03,1753000,Meow Meow Mewo,1753000@hcmus.edu.vn,000000000000

05,1753000,Meow Meow Mewo,1753000@hcmus.edu.vn,000000000000
06,1753000,Meow Meow Mewo,1753000@hcmus.edu.vn,000000000000
07,1753123,Pham Tuan,1753123@hcmus.edu.vn,000000000000
08,1753000,Meow Meow Mewo,1753000@hcmus.edu.vn,000000000000
09,1753000,Meow Meow Mewo,1753000@hcmus.edu.vn,000000000000
10,1753000,Meow Meow Mewo,1753000@hcmus.edu.vn,000000000000
11,1753123,Pham Tuan,1753123@hcmus.edu.vn,000000000000
